City_ID,City,Lat,Lng,Max Temp,Humidity,Cloudiness,Wind Speed,Country,Date
0,thompson,55.7435,-97.8558,255.24,85,100,2.06,CA,1707322736
1,portland,45.5234,-122.6762,279.73,96,100,2.06,US,1707322328
2,fale old settlement,-9.3852,-171.2468,301.49,83,100,10.98,TK,1707322737
3,blackmans bay,-43.0167,147.3167,288.22,69,81,1.38,AU,1707322737
4,somvarpet,12.6,75.8667,292.04,63,2,0.83,IN,1707322738
5,papatowai,-46.5619,169.4708,282.93,77,53,3.14,NZ,1707322738
6,sao vicente,-23.9631,-46.3919,308.3,70,75,2.68,BR,1707322739
7,island harbour,50.724,-1.2758,280.49,95,100,1.79,GB,1707322739
8,iqaluit,63.7506,-68.5145,253.0,59,100,8.23,CA,1707322740
9,bonthe,7.5264,-12.505,304.4,59,3,6.11,SL,1707322740
10,kashgar,39.4547,75.9797,270.71,68,20,1.0,CN,1707322741
11,port-aux-francais,-49.35,70.2167,277.9,88,96,14.2,TF,1707322741
12,georgetown,5.4112,100.3354,300.9,89,40,1.54,MY,1707322511
13,port alfred,-33.5906,26.891,294.92,76,9,2.68,ZA,1707322742
14,olonkinbyen,70.9221,-8.7187,270.88,61,76,8.04,SJ,1707322743
15,bethel,41.3712,-73.414,278.82,57,0,3.6,US,1707322741
16,waitangi,-43.9535,-176.5597,289.72,96,93,2.35,NZ,1707322744
17,talnakh,69.4865,88.3972,254.93,84,90,2.16,RU,1707322744
18,bredasdorp,-34.5322,20.0403,297.09,51,1,10.2,ZA,1707322744
19,sparti,37.0733,22.4297,288.68,60,95,1.61,GR,1707322745
20,tolanaro,-25.0319,46.9987,297.91,93,78,2.99,MG,1707322745
21,road town,18.4167,-64.6167,299.2,88,100,3.6,VG,1707322638
22,albany,42.6001,-73.9662,275.69,64,53,0.89,US,1707322746
23,la passe,45.5549,-0.8967,285.28,93,100,8.74,FR,1707322747
24,kirakira,-10.4544,161.9205,300.74,81,100,4.84,SB,1707322747
25,vilyuchinsk,52.9306,158.4028,266.44,92,100,2.1,RU,1707322748
26,adamstown,-25.066,-130.1015,297.83,86,100,4.69,PN,1707322749
27,longyearbyen,78.2186,15.6401,266.06,73,40,5.14,SJ,1707322750
28,ilulissat,69.2167,-51.1,269.16,80,100,9.26,GL,1707322755
29,tabou,4.423,-7.3528,303.23,67,14,4.63,CI,1707322755
30,tura,25.5198,90.2201,286.37,37,0,0.81,IN,1707322756
31,edinburgh of the seven seas,-37.0676,-12.3116,290.47,62,48,1.36,SH,1707322756
32,kapa'a,22.0752,-159.319,295.43,76,75,6.17,US,1707322757
33,dongola,19.1667,30.4833,294.42,19,39,4.47,SD,1707322757
34,cholpon-ata,42.6494,77.0823,272.18,52,95,1.17,KG,1707322758
35,san mariano,7.5,126.0,294.97,95,99,0.78,PH,1707322758
36,mount isa,-20.7333,139.5,301.02,51,40,5.14,AU,1707322759
37,mount gambier,-37.8333,140.7667,283.94,90,73,2.49,AU,1707322529
38,imbituba,-28.24,-48.6703,300.29,73,66,4.02,BR,1707322760
39,port mathurin,-19.6833,63.4167,300.3,75,29,7.72,MU,1707322760
40,puerto natales,-51.7236,-72.4875,287.4,47,75,9.77,CL,1707322761
41,lihue,21.9789,-159.3672,295.02,76,75,6.17,US,1707322761
42,alpine,32.835,-116.7664,280.53,95,100,0.0,US,1707322761
43,stanley,54.868,-1.6985,276.92,77,20,4.63,GB,1707322762
44,cestos city,5.46,-9.5828,303.27,66,9,5.5,LR,1707322762
45,punta arenas,-53.15,-70.9167,286.21,54,40,14.92,CL,1707322507
46,hawaiian paradise park,19.5933,-154.9731,291.5,95,75,3.6,US,1707322763
47,masuguru,-11.3667,38.4167,299.99,88,32,1.64,TZ,1707322764
48,susuman,62.7833,148.1667,239.81,100,98,0.89,RU,1707322764
49,coquimbo,-29.9533,-71.3436,294.0,83,40,4.63,CL,1707322765
50,west island,-12.1568,96.8225,301.14,83,75,2.57,CC,1707322766
51,osh,40.5151,72.8083,277.51,65,20,4.0,KG,1707322766
52,invercargill,-46.4,168.35,283.72,92,31,1.34,NZ,1707322767
53,toamasina,-18.1667,49.3833,300.15,83,75,1.54,MG,1707322767
54,kodiak,57.79,-152.4072,273.88,75,0,1.54,US,1707322768
55,kone,-21.0595,164.8658,298.03,93,100,1.32,NC,1707322768
56,sisimiut,66.9395,-53.6735,261.48,94,100,7.42,GL,1707322769
57,yellowknife,62.456,-114.3525,255.6,84,75,3.6,CA,1707322769
58,nur-sultan,51.1801,71.446,266.12,93,0,9.0,KZ,1707322770
59,petauke,-14.2426,31.3253,294.55,88,87,3.36,ZM,1707322770
60,whitehorse,60.7161,-135.0538,250.82,72,20,1.54,CA,1707322771
61,aasiaat,68.7098,-52.8699,268.89,72,100,11.23,GL,1707322771
62,avarua,-21.2078,-159.775,300.18,83,40,6.69,CK,1707322772
63,monguno,12.6786,13.6079,297.97,25,100,4.79,NG,1707322772
64,papao,-17.75,-149.55,300.97,88,100,13.92,PF,1707322522
65,tughyl,47.7252,84.2063,260.08,92,33,1.32,KZ,1707322773
66,grytviken,-54.2811,-36.5092,284.19,86,85,6.09,GS,1707322774
67,bella vista,36.4295,-94.2316,287.44,43,0,4.63,US,1707322775
68,vorgashor,67.5833,63.95,262.81,89,100,3.83,RU,1707322775
69,nemuro,43.3236,145.575,266.76,71,16,2.16,JP,1707322776
70,kabalo,-6.05,26.9167,298.94,85,56,0.53,CD,1707322776
71,utrik,11.2278,169.8474,299.29,75,100,10.32,MH,1707322777
72,kingscliff,-28.2667,153.5667,296.89,94,100,5.14,AU,1707322777
73,cooper's town,26.8667,-77.5167,294.06,55,74,11.15,BS,1707322778
74,ulladulla,-35.35,150.4667,291.34,69,100,3.21,AU,1707322778
75,santa vitoria do palmar,-33.5189,-53.3681,302.74,43,35,1.97,BR,1707322779
76,hadibu,12.65,54.0333,298.5,70,85,5.47,YE,1707322779
77,quellon,-43.1167,-73.6167,288.72,52,53,1.84,CL,1707322780
78,hilo,19.7297,-155.09,293.31,95,75,3.6,US,1707322780
79,mpika,-11.8343,31.4529,293.02,92,40,3.06,ZM,1707322781
80,puerto ayora,-0.7393,-90.3518,304.13,78,74,4.92,EC,1707322782
81,balabac,7.9868,117.0645,299.94,82,100,5.07,PH,1707322782
82,hermanus,-34.4187,19.2345,296.37,71,1,7.87,ZA,1707322783
83,udachny,66.4167,112.4,239.96,100,96,1.34,RU,1707322783
84,hithadhoo,-0.6,73.0833,301.3,75,16,3.83,MV,1707322784
85,saint-joseph,-21.3667,55.6167,299.36,87,95,4.6,RE,1707322784
86,callao,-12.0667,-77.15,303.31,51,0,6.69,PE,1707322648
87,qaqortoq,60.7167,-46.0333,267.07,67,99,2.7,GL,1707322785
88,bilibino,68.0546,166.4372,238.91,100,100,0.32,RU,1707322786
89,mana,5.6592,-53.7767,302.67,67,21,6.06,GF,1707322786
90,hamilton,39.1834,-84.5333,283.79,54,20,4.63,US,1707322783
91,tobol,52.6844,62.5794,265.01,91,100,8.71,KZ,1707322788
92,ancud,-41.8697,-73.8203,288.53,51,89,3.95,CL,1707322673
93,ushuaia,-54.8,-68.3,286.94,66,75,12.86,AR,1707322789
94,acapulco de juarez,16.8634,-99.8901,302.05,61,20,1.54,MX,1707322545
95,inongo,-1.95,18.2667,300.58,65,82,2.46,CD,1707322595
96,ribeira grande,38.5167,-28.7,289.37,94,75,8.75,PT,1707322790
97,bikenibeu village,1.3673,173.1241,301.71,80,82,8.73,KI,1707322791
98,shimoda,34.6667,138.95,277.65,67,94,1.64,JP,1707322791
99,inhambane,-23.865,35.3833,301.14,78,20,4.12,MZ,1707322792
100,cottesloe,-32.0,115.7667,297.58,41,0,1.54,AU,1707322792
101,nikko,36.75,139.6167,270.91,75,14,1.94,JP,1707322793
102,bainbridge,47.6262,-122.5212,279.69,95,75,0.0,US,1707322793
103,pizarro,4.9533,-77.366,301.54,75,39,1.37,CO,1707322794
104,keflavik,64.0049,-22.5624,271.39,64,0,2.06,IS,1707322794
105,sanshui,23.1549,112.8916,283.09,44,100,4.0,CN,1707322795
106,tongouson,5.0214,120.1328,299.72,83,85,2.54,PH,1707322795
107,puerto baquerizo moreno,-0.9,-89.6,301.7,74,40,5.66,EC,1707322796
108,brookings,44.3114,-96.7984,279.15,86,0,8.75,US,1707322660
109,saipan,15.1355,145.701,297.54,78,40,4.63,MP,1707322797
110,sittwe,20.15,92.9,295.74,84,0,7.11,MM,1707322797
111,lionel town,17.8101,-77.2406,299.21,45,7,4.11,JM,1707322798
112,quesnel,52.9999,-122.5029,266.43,93,100,1.03,CA,1707322798
113,lazaro cardenas,17.9583,-102.2,300.8,57,81,0.13,MX,1707322514
114,point pedro,9.8167,80.2333,299.13,73,15,5.58,LK,1707322799
115,coronel dorrego,-38.7187,-61.2873,303.16,46,99,4.92,AR,1707322800
116,college,64.8569,-147.8028,258.65,78,75,0.0,US,1707322800
117,brive-la-gaillarde,45.25,1.5,284.17,28,100,1.32,FR,1707322801
118,buala,-8.145,159.5921,299.91,86,100,4.18,SB,1707322801
119,talagang,32.9297,72.4158,284.11,35,0,2.13,PK,1707322802
120,margaret river,-33.95,115.0667,291.14,58,0,3.86,AU,1707322803
121,mawu,29.5923,107.3139,277.98,87,91,1.09,CN,1707322803
122,north platte,41.1239,-100.7654,283.36,75,0,6.71,US,1707322804
123,zouerate,22.7187,-12.4521,301.46,6,10,5.18,MR,1707322804
124,ust-nera,64.5667,143.2,241.89,99,97,0.84,RU,1707322805
125,tazovsky,67.4667,78.7,255.0,100,100,3.87,RU,1707322805
126,myitkyina,25.3833,97.4,287.79,90,29,1.23,MM,1707322806
127,oistins,13.0667,-59.5333,303.2,74,40,7.72,BB,1707322598
128,celestun,20.8667,-90.4,295.71,50,0,1.14,MX,1707322807
129,bamboo flat,11.7,92.7167,298.2,88,20,1.03,IN,1707322807
130,qarazhal,48.0078,70.7903,268.4,90,32,7.8,KZ,1707322808
131,embi,48.8264,58.1442,268.09,84,100,12.86,KZ,1707322808
132,raahe,64.6833,24.4833,253.2,98,74,3.24,FI,1707322809
133,enewetak,11.3474,162.3373,299.79,80,100,9.74,MH,1707322809
134,zlatograd,41.3833,25.1,283.72,74,97,2.47,BG,1707322810
135,freetown,8.484,-13.2299,302.99,74,40,4.12,SL,1707322810
136,sayat,38.7839,63.8803,279.08,42,12,2.03,TM,1707322811
137,ihsaniye,40.6909,29.8347,288.36,70,100,0.92,TR,1707322812
138,talakan,50.3167,130.3667,251.83,100,99,1.2,RU,1707322813
139,isafjordur,66.0755,-23.124,271.17,69,75,2.57,IS,1707322814
140,dumbea,-22.15,166.45,300.36,99,100,4.71,NC,1707322815
141,taroa,8.7058,171.2275,300.41,76,88,10.57,MH,1707322818
142,piacabucu,-10.4056,-36.4344,304.68,58,89,6.3,BR,1707322818
143,selfoss,63.9331,-20.9971,266.51,80,5,4.52,IS,1707322819
144,broome,42.2506,-75.833,277.79,72,0,0.89,US,1707322820
145,dyatlovo,53.4631,25.4068,272.93,83,100,6.01,BY,1707322820
146,kangding,30.0513,101.9603,271.71,75,47,1.49,CN,1707322821
147,itaituba,-4.2761,-55.9836,305.24,70,40,4.12,BR,1707322741
148,strathmore,51.0501,-113.3852,266.68,93,100,1.54,CA,1707322822
149,klyuchi,52.2667,79.1667,270.68,73,100,7.67,RU,1707322822
150,salalah,17.0151,54.0924,299.2,50,0,0.0,OM,1707322823
151,kambia,9.1167,-12.9167,311.87,17,70,0.72,SL,1707322824
152,wailua homesteads,22.0669,-159.378,294.68,76,75,6.17,US,1707322824
153,ban nong wua so,17.2675,103.2247,299.74,20,0,1.83,TH,1707322826
154,tiksi,71.6872,128.8694,250.44,99,100,2.05,RU,1707322827
155,anadyr,64.75,177.4833,255.43,84,100,9.0,RU,1707322827
156,wenchang,30.904,118.4887,271.99,95,72,0.15,CN,1707322828
157,sabang,5.8933,95.3214,301.1,79,17,4.99,ID,1707322634
158,iwaki,37.05,140.8833,276.91,85,9,2.62,JP,1707322829
159,qaisumah,28.3112,46.1273,290.13,36,0,2.06,SA,1707322830
160,kutum,14.2,24.6667,295.06,16,76,4.46,SD,1707322831
161,chonchi,-42.6128,-73.8092,289.71,39,31,1.72,CL,1707322668
162,kromy,52.6876,35.7667,276.29,90,100,7.86,RU,1707322832
163,zaraza,9.3503,-65.3245,307.14,44,72,2.04,VE,1707322833
164,aykhal,66.0,111.5,243.05,100,41,1.36,RU,1707322834
165,moyynkum,44.2914,72.9469,272.95,99,100,1.95,KZ,1707322834
166,saldanha,-33.0117,17.9442,298.18,73,39,4.01,ZA,1707322836
167,sitka,57.0531,-135.33,272.09,86,0,0.0,US,1707322836
168,hadleigh,51.5527,0.6098,280.33,84,75,2.57,GB,1707322837
169,coyhaique,-45.5752,-72.0662,286.49,54,75,4.12,CL,1707322838
170,lebu,-37.6167,-73.65,290.74,70,100,7.79,CL,1707322658
171,lerwick,60.1545,-1.1494,275.15,61,61,9.07,GB,1707322839
172,dudinka,69.4058,86.1778,255.16,99,96,2.01,RU,1707322840
173,portoferraio,42.8115,10.3146,288.21,76,86,1.03,IT,1707322841
174,zarah sharan,33.1467,68.7917,265.25,71,1,0.81,AF,1707322842
175,key west,24.5557,-81.7826,292.15,72,20,6.69,US,1707322842
176,jining,35.405,116.5814,271.51,68,91,0.93,CN,1707322843
177,hirara,24.8,125.2833,291.07,94,75,14.4,JP,1707322843
178,ilula,-7.6766,36.0366,293.03,92,26,0.36,TZ,1707322844
179,bukama,-9.2,25.85,298.91,86,21,1.09,CD,1707322844
180,petropavlovsk-kamchatsky,53.0452,158.6483,265.62,76,75,3.0,RU,1707322845
181,salym,60.0625,71.4789,268.81,83,100,5.4,RU,1707322846
182,iskateley,67.6803,53.1512,245.94,100,91,1.79,RU,1707322847
183,tsiombe,-25.3,45.4833,295.57,95,73,2.49,MG,1707322847
184,swakopmund,-22.6833,14.5333,299.62,85,100,4.66,NA,1707322848
185,stranraer,54.9023,-5.0273,278.48,55,100,4.56,GB,1707322848
186,khandyga,62.6667,135.6,229.26,100,66,0.87,RU,1707322849
187,alice springs,-23.7,133.8833,298.27,30,21,6.69,AU,1707322849
188,la vega,19.2221,-70.5296,300.62,48,33,3.29,DO,1707322850
189,severo-yeniseyskiy,60.3725,93.0408,260.69,99,90,1.34,RU,1707322850
190,sassandra,4.95,-6.0833,304.55,58,9,4.15,CI,1707322851
191,pathalgaon,22.5667,83.4667,291.22,32,15,3.42,IN,1707322852
192,albertina,-22.2008,-46.6158,300.62,54,100,0.42,BR,1707322852
193,fort st. john,56.2499,-120.8529,264.09,73,100,3.6,CA,1707322706
194,badger,64.8,-147.5333,258.6,70,20,0.0,US,1707322853
195,calderitas,18.55,-88.25,295.21,64,0,0.0,MX,1707322854
196,vila franca do campo,37.7167,-25.4333,291.38,96,100,8.55,PT,1707322755
197,arkhangel'sk,64.5401,40.5433,249.33,76,20,0.0,RU,1707322855
198,topeka,39.0483,-95.678,285.07,62,0,7.2,US,1707322796
199,nuku'alofa,-21.1333,-175.2,298.34,88,20,1.54,TO,1707322856
200,kirkland lake,48.1446,-80.0377,274.31,100,98,2.06,CA,1707322857
201,egilsstadir,65.2653,-14.3948,268.1,86,75,2.06,IS,1707322857
202,port elizabeth,-33.918,25.5701,298.2,71,0,9.26,ZA,1707322858
203,lucapa,-8.4192,20.7447,296.99,81,91,0.84,AO,1707322858
204,san juan,-31.5375,-68.5364,309.67,25,0,1.87,AR,1707322736
205,kavieng,-2.5744,150.7967,299.37,92,100,8.84,PG,1707322859
206,dapitan,8.6464,123.4208,298.36,88,65,3.66,PH,1707322860
207,atascadero,35.4894,-120.6707,282.29,95,75,0.89,US,1707322818
208,san antonio de pale,-1.4014,5.6325,301.65,71,60,1.09,GQ,1707322861
209,lingyuan,41.24,119.4011,267.44,39,0,1.26,CN,1707322861
210,sarupathar,26.1984,93.8094,290.19,72,94,0.19,IN,1707322862
211,kayyerkan,69.3786,87.7439,254.98,84,96,1.59,RU,1707322863
212,zagora,30.3484,-5.8365,294.71,13,4,4.24,MA,1707322863
213,alofi,-19.0595,-169.9187,298.09,100,82,1.54,NU,1707322650
214,konarka,19.9,86.1167,296.37,90,2,2.12,IN,1707322864
215,antofagasta,-23.65,-70.4,298.73,69,9,3.83,CL,1707322738
216,sanibel,26.449,-82.0223,292.6,66,0,2.24,US,1707322866
217,jamestown,42.097,-79.2353,277.92,67,0,2.57,US,1707322716
218,luderitz,-26.6481,15.1594,295.82,62,69,9.79,NA,1707322866
219,afaahiti,-17.75,-149.2833,300.08,88,100,12.36,PF,1707322867
220,usinsk,65.9939,57.5281,257.08,81,100,2.68,RU,1707322868
221,minas de marcona,-15.2119,-75.1103,296.66,71,65,3.6,PE,1707322869
222,labytnangi,66.6572,66.4183,262.74,95,100,6.23,RU,1707322869
223,asasa,7.1,39.2,291.37,50,96,1.65,ET,1707322871
224,yen vinh,18.6667,105.6667,293.43,93,100,5.15,VN,1707322872
225,amga,60.8953,131.9608,239.09,100,90,0.48,RU,1707322872
226,segorbe,39.8138,-0.4521,292.03,29,13,6.29,ES,1707322873
227,nar'yan-mar,67.6713,53.087,245.99,100,91,1.79,RU,1707322873
228,uacu cungo,-11.3634,15.1208,295.81,86,100,1.42,AO,1707322874
229,hami,42.8,93.45,270.78,49,100,1.74,CN,1707322874
230,kingston,17.997,-76.7936,298.84,66,20,10.29,JM,1707322875
231,garoowe,8.4054,48.4845,301.42,31,11,5.9,SO,1707322875
232,la'ie,21.6477,-157.9253,295.81,75,0,2.68,US,1707322876
233,pahrump,36.2083,-115.9839,278.44,93,100,2.68,US,1707322625
234,tamanrasset,22.785,5.5228,294.1,6,0,4.63,DZ,1707322877
235,uturoa,-16.7333,-151.4333,301.71,86,100,14.62,PF,1707322878
236,beichengqu,40.4394,113.1536,258.52,88,47,1.81,CN,1707322878
237,kyren,51.6828,102.1408,260.34,78,63,0.89,RU,1707322879
238,saint-philippe,-21.3585,55.7679,299.92,89,91,5.95,RE,1707322880
239,tucano,-10.9631,-38.7867,307.78,36,77,2.56,BR,1707322880
240,yaren,-0.5472,166.916,302.19,75,99,6.82,NR,1707322881
241,vadso,70.0744,29.7487,260.24,85,75,5.66,NO,1707322882
242,palikir - national government center,6.9248,158.1611,300.56,78,75,2.06,FM,1707322883
243,crane,31.3974,-102.3501,285.5,60,100,8.03,US,1707322650
244,springboro,39.5523,-84.2333,282.95,55,0,2.06,US,1707322884
245,mossel bay,-34.1831,22.146,296.11,69,5,5.81,ZA,1707322885
246,yerofey pavlovich,53.9667,121.9667,251.02,96,39,1.85,RU,1707322885
247,arraial do cabo,-22.9661,-42.0278,304.13,70,75,4.12,BR,1707322886
248,bel ombre,-4.6167,55.4167,302.06,74,20,2.57,SC,1707322886
249,porto novo,6.4965,2.6036,305.05,24,10,4.42,BJ,1707322887
250,queenstown,-31.8976,26.8753,300.31,32,0,5.05,ZA,1707322888
251,heunghae,36.1125,129.3522,275.05,80,70,2.01,KR,1707322888
252,doka,13.5167,35.7667,301.77,24,59,4.4,SD,1707322889
253,arkalyk,50.2486,66.9114,267.51,91,100,12.4,KZ,1707322889
254,constantia,44.1833,28.65,285.76,63,96,5.15,RO,1707322890
255,nagqu,31.5,92.0,264.96,24,3,2.56,CN,1707322890
256,illushi,6.6667,6.6308,312.41,10,32,2.88,NG,1707322891
257,copiapo,-27.3667,-70.3333,295.98,39,8,3.71,CL,1707322891
258,deyang,31.1302,104.382,278.98,73,81,0.84,CN,1707322892
259,mejit,10.2753,170.8646,299.8,77,99,10.15,MH,1707322893
260,haiku-pauwela,20.9219,-156.3051,294.84,79,40,8.05,US,1707322893
261,bandar abbas,27.1865,56.2808,294.14,56,0,4.12,IR,1707322894
262,remire-montjoly,4.9167,-52.2667,303.17,70,75,6.69,GF,1707322895
263,sinabang,2.4803,96.3801,300.68,79,48,1.33,ID,1707322895
264,arkhipo-osipovka,44.37,38.52,280.73,87,42,7.95,RU,1707322880
265,kotlas,61.2611,46.6556,254.85,90,79,2.68,RU,1707322897
266,andrews farm,-34.6775,138.6637,290.61,70,2,6.26,AU,1707322898
267,hasaki,35.7333,140.8333,272.37,50,19,1.36,JP,1707322898
268,martapura,-3.4167,114.85,299.2,100,75,1.03,ID,1707322899
269,recani,31.2846,-4.2688,293.73,14,3,3.04,MA,1707322900
270,nova vicosa,-17.8919,-39.3719,303.42,62,83,4.9,BR,1707322900
271,laramie,41.3114,-105.5911,278.45,56,0,4.63,US,1707322901
272,gulf shores,30.246,-87.7008,290.58,64,0,4.02,US,1707322902
273,calama,-22.4667,-68.9333,296.42,43,0,6.69,CL,1707322903
274,kalix,65.853,23.1565,255.06,97,100,3.77,SE,1707322904
275,impfondo,1.6381,18.0667,310.0,19,94,1.16,CG,1707322905
276,namibe,-15.1961,12.1522,299.26,78,99,1.64,AO,1707322906
277,loa janan,-0.583,117.095,297.42,98,100,0.5,ID,1707322907
278,bijie,27.3125,105.2942,273.7,96,100,1.72,CN,1707322908
279,palangkaraya,-2.2,113.8333,296.99,97,100,0.58,ID,1707322909
280,lamitan city,6.6608,122.1408,298.95,82,53,1.38,PH,1707322910
281,darwin,-12.4611,130.8418,299.14,85,94,1.54,AU,1707322876
282,ta`u,-14.2336,-169.5144,301.76,83,100,11.2,AS,1707322911
283,isangel,-19.55,169.2667,298.94,85,100,5.52,VU,1707322912
284,yarega,63.4354,53.5765,261.97,95,100,4.1,RU,1707322913
285,kedougou,12.5579,-12.1743,312.47,19,2,2.06,SN,1707322914
286,nurota,40.5614,65.6886,280.01,61,100,6.3,UZ,1707322915
287,san-pedro,4.7485,-6.6363,304.04,62,10,4.49,CI,1707322916
288,turbo,8.0937,-76.7269,299.22,83,62,3.68,CO,1707322917
289,waat,51.1454,6.4958,278.65,92,40,2.06,DE,1707322917
290,plouzane,48.3833,-4.6167,285.33,100,100,6.17,FR,1707322918
291,blatna,49.4249,13.8818,282.18,91,100,8.21,CZ,1707322919
292,east london,-33.0153,27.9116,295.67,56,0,7.72,ZA,1707322920
293,guerrero negro,27.9769,-114.0611,288.93,59,2,5.64,MX,1707322921
294,gadzhiyevo,69.2551,33.3362,248.67,100,93,2.83,RU,1707322922
295,karapinar,37.716,33.5506,282.73,65,18,6.74,TR,1707322923
296,kochubey,44.3861,46.5825,279.75,81,58,4.11,RU,1707322924
297,atafu village,-8.5421,-172.5159,302.25,77,100,10.42,TK,1707322925
298,katsuren-haebaru,26.3369,127.8719,289.36,94,100,7.72,JP,1707322926
299,greymouth,-42.4667,171.2,288.66,96,100,1.37,NZ,1707322927
300,reggane,26.7158,0.1714,297.44,11,34,4.06,DZ,1707322929
301,dzhangala,49.2167,50.3333,267.86,90,27,4.48,KZ,1707322930
302,fortuna,40.5982,-124.1573,279.63,93,100,3.58,US,1707322931
303,quinhamel,11.8833,-15.85,308.29,37,2,4.79,GW,1707322933
304,helena valley west central,46.6629,-112.0604,274.34,97,100,4.12,US,1707322934
305,puerto deseado,-47.7503,-65.8938,288.46,43,70,17.67,AR,1707322935
306,st. john's,47.5649,-52.7093,273.23,87,75,9.77,CA,1707322682
307,am timan,11.0297,20.2827,306.1,12,50,2.03,TD,1707322936
308,al bawiti,28.3492,28.8659,290.62,35,0,3.74,EG,1707322937
309,samamiya,11.3487,9.6399,304.08,13,99,5.03,NG,1707322938
310,al hufuf,25.3646,49.5653,290.34,23,0,2.06,SA,1707322939
311,tabua,40.3327,-8.0141,290.02,69,91,1.34,PT,1707322940
312,kupang,-10.1667,123.5833,298.47,100,40,3.6,ID,1707322941
313,labrador city,52.9463,-66.9114,269.36,57,100,0.0,CA,1707322943
314,poronaysk,49.2167,143.1167,250.83,97,23,1.7,RU,1707322943
315,rongelap,11.1635,166.8941,299.45,80,96,9.21,MH,1707322944
316,ponta delgada,37.7333,-25.6667,291.55,94,75,9.26,PT,1707322945
317,nova olinda do norte,-3.8881,-59.0942,308.99,40,96,2.61,BR,1707322946
318,flying fish cove,-10.4217,105.6791,298.97,88,75,2.06,CX,1707322947
319,sao gabriel da cachoeira,-0.1303,-67.0892,301.04,83,75,1.54,BR,1707322948
320,jackson,42.4165,-122.8345,277.51,92,100,0.0,US,1707322949
321,oeiras,-7.0253,-42.1311,309.66,34,99,1.73,BR,1707322950
322,kamloops,50.6665,-120.3192,275.69,79,100,4.12,CA,1707322950
323,charters towers,-20.1,146.2667,297.9,82,60,4.87,AU,1707322951
324,raja,8.4596,25.678,302.04,17,81,2.09,SS,1707322952
325,horta,38.5333,-28.6333,288.95,95,75,8.75,PT,1707322954
326,miles city,46.4083,-105.8406,273.69,93,100,4.63,US,1707322955
327,polyarnyy,69.1989,33.4478,249.92,100,84,3.03,RU,1707322956
328,tomatlan,19.9333,-105.25,298.75,62,100,1.17,MX,1707322957
329,mandalgovi,45.7625,106.2708,252.47,90,31,2.37,MN,1707322958
330,diamantino,-14.4086,-56.4461,308.12,41,98,1.88,BR,1707322959
331,oranjemund,-28.55,16.4333,294.74,66,0,6.55,NA,1707322959
332,touros,-5.1989,-35.4608,304.23,61,31,6.04,BR,1707322960
333,bridgewater,44.3835,-64.5155,271.54,81,100,2.57,CA,1707322961
334,bezhetsk,57.7851,36.6965,259.01,95,100,7.19,RU,1707322962
335,sardarapat,40.1321,44.0097,282.68,70,53,1.75,AM,1707322963
336,gizo,-8.103,156.8419,301.35,81,100,6.16,SB,1707322963
337,weno,7.4515,151.8468,300.12,78,75,3.09,FM,1707322964
338,suntar,62.1444,117.6319,235.91,100,90,0.84,RU,1707322966
339,kiamba,5.9894,124.6242,298.8,88,100,0.52,PH,1707322967
340,griffith,41.5284,-87.4237,277.62,86,0,3.09,US,1707322968
341,cabo san lucas,22.8909,-109.9124,296.27,72,40,7.72,MX,1707322969
342,sakassou,7.4546,-5.2926,309.06,10,1,3.04,CI,1707322971
343,khash,28.2211,61.2158,284.66,15,0,0.62,IR,1707322972
344,sungailiat,-1.85,106.1333,299.83,86,51,2.88,ID,1707322973
345,turkestan,43.3333,68.25,275.44,83,100,3.98,KZ,1707322973
346,thinadhoo,0.5333,72.9333,301.53,75,58,4.29,MV,1707322974
347,guanica,17.9716,-66.908,299.0,65,96,4.2,PR,1707322975
348,nuuk,64.1835,-51.7216,270.49,86,100,28.81,GL,1707322975
349,terrace,54.5163,-128.6035,271.1,86,100,1.54,CA,1707322976
350,la gi,10.6667,107.7833,297.22,91,98,3.56,VN,1707322977
351,charlestown,-32.95,151.6667,294.74,80,100,3.58,AU,1707322977
352,wewak,-3.5534,143.6268,298.74,91,100,5.41,PG,1707322978
353,hobyo,5.3505,48.5268,299.82,80,27,7.26,SO,1707322979
354,sirjan,29.452,55.6814,281.16,16,0,4.88,IR,1707322980
355,warmbad,-28.45,18.7333,305.17,13,12,7.62,NA,1707322980
356,kaifeng,34.7911,114.3483,271.31,86,99,2.34,CN,1707322981
357,westport,41.1415,-73.3579,279.52,52,0,3.6,US,1707322982
358,katsuura,35.1333,140.3,280.14,59,45,1.97,JP,1707322982
359,nampula,-15.1165,39.2666,297.12,94,75,3.09,MZ,1707322983
360,villa gesell,-37.2639,-56.973,301.51,63,100,2.82,AR,1707322983
361,puerto armuelles,8.2833,-82.8667,306.14,64,5,3.13,PA,1707322896
362,okhotsk,59.3833,143.3,249.46,84,100,3.21,RU,1707322985
363,emerald,-23.5333,148.1667,298.34,74,65,5.6,AU,1707322985
364,san pedro pochutla,15.7333,-96.4667,301.99,53,19,1.35,MX,1707322985
365,as sulayyil,20.4607,45.5779,291.29,50,9,6.9,SA,1707322986
366,carnarvon,-24.8667,113.6333,299.95,62,69,2.13,AU,1707322986
367,lompoc,34.6391,-120.4579,284.55,64,100,7.15,US,1707322987
368,holualoa,19.6228,-155.9522,293.06,78,40,2.06,US,1707322987
369,kos,36.8933,27.2889,289.84,75,67,7.7,GR,1707322988
370,behshahr,36.6923,53.5526,284.12,51,64,2.29,IR,1707322989
371,bangolo,7.0069,-7.475,311.43,10,5,2.03,CI,1707322989
372,ulaangom,49.9811,92.0667,242.5,97,96,1.24,MN,1707322990
373,port saint john's,-31.6229,29.5448,297.32,77,34,5.78,ZA,1707322990
374,laojunmiao,39.8333,97.7333,265.95,56,0,0.98,CN,1707322991
375,bogorodskoye,56.55,37.8833,266.07,94,100,6.23,RU,1707322992
376,kachia,9.8667,7.95,306.33,12,74,4.62,NG,1707322992
377,oamaru,-45.0784,170.9801,285.03,83,100,1.38,NZ,1707322995
378,lospalos,-8.5186,127.0025,296.51,89,87,1.13,TL,1707322997
379,tofol,5.3248,163.0078,300.52,76,97,7.52,FM,1707323000
380,beltran,-27.8291,-64.061,312.36,27,28,6.74,AR,1707323003
381,angaur state,6.906,134.13,300.51,76,83,8.53,PW,1707323005
382,forster,-32.1667,152.5167,293.87,94,100,5.37,AU,1707323007
383,ketchikan,55.3422,-131.6461,276.14,64,100,5.14,US,1707323010
384,sterling,39.0062,-77.4286,281.18,49,20,3.6,US,1707323011
385,kathmandu,27.7167,85.3167,283.27,76,20,2.06,NP,1707322753
386,christchurch,-43.5333,172.6333,290.88,89,100,2.57,NZ,1707322842
387,egersund,58.4513,5.9997,273.75,75,98,4.36,NO,1707323016
388,laguna,38.421,-121.4238,282.07,85,100,5.14,US,1707323016
389,floro,61.5996,5.0328,273.13,69,40,5.66,NO,1707323018
390,jeremoabo,-10.075,-38.4808,308.82,30,94,3.31,BR,1707323021
391,san patricio,28.017,-97.5169,294.07,68,100,7.08,US,1707323022
392,masterton,-40.9597,175.6575,287.65,89,93,0.98,NZ,1707323024
393,port-vila,-17.7338,168.3219,298.93,94,100,1.54,VU,1707323026
394,conduaga,8.862,117.4893,298.52,84,90,0.54,PH,1707323028
395,medicine hat,50.0501,-110.6683,271.6,87,100,0.45,CA,1707322905
396,kurchum,48.5722,83.6542,260.27,85,34,2.07,KZ,1707323030
397,erdenet,49.0333,104.0833,250.99,98,56,1.5,MN,1707323031
398,panshi,42.9422,126.0561,251.67,100,18,0.76,CN,1707323032
399,puerto maldonado,-12.6,-69.1833,304.37,74,0,3.09,PE,1707323033
400,port blair,11.6667,92.75,298.17,88,20,1.03,IN,1707323034
401,inari,68.906,27.0288,251.26,100,94,0.96,FI,1707323034
402,adam,22.3756,57.5233,292.06,46,100,2.69,OM,1707323035
403,iquitos,-3.7481,-73.2472,303.17,84,40,2.06,PE,1707323036
404,codrington,-38.2667,141.9667,284.42,88,12,3.15,AU,1707323036
405,shohimardon,39.9839,71.8028,272.58,56,100,4.95,UZ,1707323037
406,chui,-33.6971,-53.4616,302.79,43,36,3.19,UY,1707323037
407,namtsy,62.7161,129.6658,236.2,100,100,1.52,RU,1707323038
408,new norfolk,-42.7826,147.0587,288.87,91,66,0.55,AU,1707323039
409,karratha,-20.7377,116.8463,302.41,55,87,4.53,AU,1707323039
410,navasota,30.388,-96.0877,290.04,65,67,5.2,US,1707323040
411,klaksvik,62.2266,-6.589,274.66,69,81,10.74,FO,1707323041
412,marquette,46.5333,-87.6335,278.53,79,95,0.89,US,1707323041
413,malaya vishera,58.8454,32.2222,259.17,93,100,3.68,RU,1707323042
414,happy valley-goose bay,53.3168,-60.3315,267.32,42,40,4.63,CA,1707323043
415,fort bragg,35.139,-79.006,282.15,40,0,6.69,US,1707323043
416,torit,4.4133,32.5678,306.74,25,27,2.69,SS,1707323044
417,kalajoki,64.25,23.95,256.43,99,60,2.72,FI,1707323045
418,jasper,37.2001,-94.3502,286.98,41,0,7.2,US,1707323046
419,diadi,16.662,121.3658,293.09,84,3,0.85,PH,1707323047
420,gokceada,40.2011,25.909,287.75,86,99,9.04,TR,1707323048
421,hepo,23.4308,115.8299,283.86,89,100,2.0,CN,1707323049
422,el porvenir,13.7617,-87.3458,295.78,27,0,2.39,HN,1707323050
423,mokopane,-24.1944,29.0097,306.46,23,33,1.44,ZA,1707323050
424,newnan,33.3807,-84.7997,283.92,48,0,3.09,US,1707323051
425,starozhilovo,54.2254,39.916,268.23,98,100,4.79,RU,1707323051
426,mauganj,24.6833,81.8833,288.67,33,37,3.26,IN,1707323052
427,raisen,23.3333,77.8,291.95,48,85,3.14,IN,1707323053
428,kerikeri,-35.2268,173.9474,289.77,92,17,1.64,NZ,1707323054
429,valjevo,44.2751,19.8982,286.37,61,78,1.24,RS,1707323054
430,kailua-kona,19.6406,-155.9956,295.13,79,40,2.06,US,1707323055
431,kamina,-8.7386,24.9906,294.82,88,87,1.97,CD,1707323056
432,labin,45.095,14.1197,284.23,85,100,1.82,HR,1707323057
433,polonne,50.1242,27.5109,279.84,83,100,8.93,UA,1707323057
434,daru,-9.0763,143.2092,297.95,92,97,4.98,PG,1707323058
435,notse,6.95,1.1667,311.18,10,11,2.39,TG,1707323058
436,la cruz,23.9167,-106.9,295.01,72,94,2.39,MX,1707323059
437,campo gallo,-26.5833,-62.85,311.74,28,93,3.46,AR,1707323060
438,cabinda,-5.55,12.2,301.32,82,70,5.38,AO,1707323060
439,oppdal,62.5943,9.6912,257.31,68,3,3.36,NO,1707323061
440,lowestoft,52.4752,1.7516,280.07,77,100,1.27,GB,1707323062
441,hojo,33.9766,132.7777,277.86,78,85,5.0,JP,1707323063
442,grand falls-windsor,48.9332,-55.6649,270.1,89,75,3.55,CA,1707323063
443,sosnovka,56.255,51.2842,263.77,95,99,4.31,RU,1707323064
444,choibalsan,48.0667,114.5,252.44,91,18,2.89,MN,1707323065
445,inarajan village,13.2736,144.7484,299.23,81,100,7.37,GU,1707323065
446,yuzhno-kurilsk,44.0306,145.8556,264.47,86,40,2.27,RU,1707323066
447,al ghayzah,16.2079,52.176,298.1,57,6,4.7,YE,1707323067
448,lejanias,3.5251,-74.0216,298.89,76,81,1.36,CO,1707323067
449,rongai,-0.1733,35.8638,291.88,66,84,0.46,KE,1707323068
450,cheremukhovo,60.3484,59.9851,264.24,95,100,4.47,RU,1707323069
451,kudat,6.8837,116.8477,300.11,89,98,1.54,MY,1707323069
452,nova gradiska,45.255,17.3831,288.09,66,85,4.28,HR,1707323070
453,zyryanovsk,49.7386,84.2719,255.45,93,21,1.08,KZ,1707323071
454,moab,38.5733,-109.5498,280.18,77,100,7.6,US,1707323071
455,iquique,-20.2208,-70.1431,302.17,72,11,3.49,CL,1707323072
456,kencong,-8.2833,113.3667,298.18,91,85,1.09,ID,1707323072
457,fortaleza,-3.7227,-38.5247,305.41,99,75,7.72,BR,1707322798
458,mastung,29.7994,66.845,280.85,40,0,0.12,PK,1707323074
459,santa elena de uairen,4.6167,-61.1333,302.65,45,54,5.38,VE,1707322938
460,teknaf,20.8624,92.3058,293.29,86,0,4.59,BD,1707323076
461,la ronge,55.1001,-105.2842,262.29,85,100,2.57,CA,1707323077
462,vyyezdnoye,55.3815,43.7864,262.58,93,100,4.51,RU,1707323078
463,kodinsk,58.6881,99.1844,260.62,99,96,1.03,RU,1707323079
464,mtwara,-10.2667,40.1833,301.06,85,13,4.13,TZ,1707323080
465,san pedro de macoris,18.4616,-69.2972,301.22,73,93,1.98,DO,1707323081
466,siwa oasis,29.2041,25.5195,291.48,40,1,2.45,EG,1707323081
467,igarka,67.4667,86.5833,257.25,97,100,2.83,RU,1707323059
468,guarapari,-20.6667,-40.4975,302.53,78,99,2.63,BR,1707323082
469,dabou,5.3256,-4.3769,304.12,58,13,4.97,CI,1707323083
470,olinda,-8.0089,-34.8553,304.0,62,40,4.63,BR,1707322947
471,pasan,22.85,82.2,289.03,40,3,1.81,IN,1707323084
472,sinop,41.7711,34.8709,282.9,57,98,3.83,TR,1707323085
473,margate,51.3813,1.3862,279.76,82,100,0.89,GB,1707322879
474,levuka,50.1834,-105.4011,272.05,100,100,6.69,CA,1707323086
475,bardai,11.65,7.2333,302.75,12,76,6.15,NG,1707323087
476,pauini,-7.7136,-66.9764,301.72,82,92,1.47,BR,1707323087
477,hovd,48.0056,91.6419,252.67,95,10,0.41,MN,1707323088
478,itacarambi,-15.1022,-44.0919,306.31,45,37,1.04,BR,1707323090
479,el sauzal de rodriguez,31.9,-116.6833,283.94,80,94,6.13,MX,1707323090
480,ulsteinvik,62.3432,5.8487,270.97,76,69,2.24,NO,1707323091
481,kisanga,-7.4362,37.7034,299.85,88,23,1.7,TZ,1707323091
482,srandakan,-7.9386,110.2506,298.04,87,97,1.92,ID,1707323092
483,micheweni,-4.9667,39.8333,301.41,78,1,5.62,TZ,1707323092
484,pathein,16.7833,94.7333,297.29,70,0,6.55,MM,1707323093
485,amos,48.5669,-78.1162,273.43,100,100,1.99,CA,1707323094
486,colonia,50.9333,6.95,279.18,87,40,1.54,DE,1707323095
487,yanbu,24.0891,38.0637,298.17,44,0,3.09,SA,1707323096
488,sandnessjoen,66.0217,12.6316,272.27,93,100,12.7,NO,1707323096
489,nikolayevsk-on-amure,53.1406,140.73,249.94,99,65,1.23,RU,1707323097
490,paso de carrasco,-34.8603,-56.0522,308.4,36,0,6.17,UY,1707323098
491,viborg,56.4532,9.402,275.18,69,23,3.5,DK,1707323098
492,naze,28.3667,129.4833,284.66,84,100,7.52,JP,1707323099
493,mangrol,21.1167,70.1167,297.37,47,22,5.45,IN,1707323100
494,den burg,53.0542,4.7972,279.13,69,100,0.51,NL,1707323100
495,moree,-29.4667,149.85,295.08,73,66,4.44,AU,1707323101
496,banda aceh,5.5577,95.3222,299.14,86,21,3.95,ID,1707323101
497,arauquita,7.0292,-71.4281,307.5,44,13,1.51,CO,1707323102
498,sola,-13.8833,167.55,301.32,71,90,7.24,VU,1707323102
499,ouarzazat,30.9189,-6.8934,294.31,11,0,1.54,MA,1707323103
500,borova,50.1763,30.1043,282.2,75,100,10.32,UA,1707323104
501,linxia chengguanzhen,35.6003,103.2064,267.77,91,96,1.07,CN,1707323104
502,berdigestyakh,62.0989,126.6992,239.45,100,97,1.15,RU,1707323105
503,dhidhdhoo,6.8833,73.1,300.75,71,4,3.48,MV,1707323106
504,arauca,7.0847,-70.7591,307.31,46,24,1.94,CO,1707323106
505,kargasok,59.0556,80.8572,266.46,97,100,3.13,RU,1707323107
506,kiuruvesi,63.65,26.6167,250.98,100,64,1.64,FI,1707323108
507,stiens,53.2623,5.7577,278.7,73,100,1.03,NL,1707323109
508,riohacha,11.5444,-72.9072,298.74,79,99,3.51,CO,1707323110
509,point fortin,10.1833,-61.6833,302.71,71,20,7.43,TT,1707323110
510,praia da vitoria,38.7333,-27.0667,291.29,88,20,12.25,PT,1707323111
511,jalai nur,49.45,117.7,247.95,97,11,1.43,CN,1707323112
512,ocean shores,46.9737,-124.1563,278.68,95,0,1.54,US,1707323112
513,niafunke,15.9322,-3.9906,305.71,6,48,6.37,ML,1707323113
514,wynyard,-41.0,145.7167,285.59,84,53,3.83,AU,1707323113
515,anloga,5.7947,0.8973,302.99,46,13,5.19,GH,1707323114
516,loen,7.7601,168.2307,300.35,82,97,11.08,MH,1707323115
517,esperanza,19.5847,-70.9849,300.47,66,8,3.58,DO,1707323115
518,pisco,-13.7,-76.2167,300.38,78,0,3.6,PE,1707323116
519,aras-asan,8.8908,126.3033,297.83,89,95,1.84,PH,1707323116
520,baki,-7.6128,110.7839,296.9,90,98,2.31,ID,1707323117
521,deschutes river woods,43.9915,-121.3584,272.21,81,100,2.06,US,1707323117
522,yarmouth,41.7057,-70.2286,277.58,80,100,8.49,US,1707323118
523,faya-largeau,17.9257,19.1043,296.89,15,57,6.42,TD,1707323119
524,winfield,37.2398,-96.9956,285.62,58,0,9.26,US,1707323120
525,mayna,54.1135,47.6231,258.61,96,100,1.87,RU,1707323120
526,okondja,-0.6549,13.6753,303.9,49,76,1.0,GA,1707323121
527,esqueda,30.7167,-109.5833,280.48,62,13,6.38,MX,1707323121
528,pangody,65.85,74.4859,269.34,95,99,6.31,RU,1707323122
529,tara,56.8944,74.371,268.7,95,100,6.7,RU,1707323122
530,shchigry,51.8755,36.9043,277.05,100,100,9.99,RU,1707323123
531,san miguel,13.4833,-88.1833,301.86,29,0,4.12,SV,1707323124
532,smithers,54.7804,-127.1743,267.33,100,100,0.0,CA,1707323124
533,chibougamau,49.9168,-74.3659,270.94,86,100,2.57,CA,1707323125
534,pemangkat,1.1667,108.9667,298.86,89,100,2.88,ID,1707323125
535,howrah,22.5892,88.3103,294.15,68,1,0.0,IN,1707323126
536,lake murray of richland,34.1205,-81.2645,282.98,47,0,2.85,US,1707323126
537,banff,51.1762,-115.5698,266.36,93,99,1.03,CA,1707323127
538,burang,30.25,81.1667,257.53,73,13,2.42,CN,1707323127
539,ramos arizpe,25.55,-100.9667,296.17,35,75,2.57,MX,1707323102
540,luxeuil-les-bains,47.8171,6.365,282.77,81,100,4.12,FR,1707323129
541,araria,26.15,87.5167,287.63,37,9,3.95,IN,1707323129
542,kununurra,-15.7667,128.7333,298.14,88,100,2.06,AU,1707323130
543,canutama,-6.5339,-64.3831,301.79,75,97,1.4,BR,1707323130
544,saudarkrokur,65.7461,-19.6394,267.71,74,62,3.36,IS,1707323131
545,lagunas,-5.2269,-75.6753,304.97,57,90,1.24,PE,1707323131
546,abalak,58.1286,68.5944,270.01,91,100,5.99,RU,1707323132
547,miquelon,47.0975,-56.3814,273.15,74,48,5.41,PM,1707323133
548,shache,38.4167,77.2406,270.97,77,96,2.51,CN,1707323133
549,lubao,14.9167,120.55,298.99,88,0,0.26,PH,1707323134
550,kozyatyn,49.7143,28.8339,280.19,74,100,10.31,UA,1707323134
551,chiredzi,-21.05,31.6667,307.74,36,2,2.73,ZW,1707323135
552,suva,-18.1416,178.4415,296.86,94,75,0.0,FJ,1707323135
553,prado,-17.3411,-39.2208,303.02,63,78,4.27,BR,1707323136
554,akureyri,65.6835,-18.0878,265.11,93,75,1.03,IS,1707323136
555,kanniyakumari,8.0833,77.5667,299.72,71,34,3.37,IN,1707323137
556,tuzhai,24.983,118.8319,282.89,87,100,8.85,CN,1707323138
557,mugia,43.1041,-9.2179,290.32,91,96,12.57,ES,1707323138
558,gua musang,4.8823,101.9644,296.98,94,66,0.94,MY,1707323139
559,taulaga,-11.0553,-171.0883,301.94,79,100,11.4,AS,1707323139
560,kuchinarai,16.541,104.05,299.81,32,0,0.54,TH,1707323140
561,blackwater,-23.5833,148.8833,298.03,73,50,4.83,AU,1707323141
562,pindiga,9.9833,10.9333,302.76,14,49,5.14,NG,1707323142
563,vimmerby,57.6659,15.8552,268.85,98,100,0.81,SE,1707323142
564,banjar,-8.19,114.9675,298.83,93,94,0.75,ID,1707323143
565,upata,8.0086,-62.3989,307.78,39,14,3.71,VE,1707323144
566,dunedin,-45.8742,170.5036,285.82,83,88,1.4,NZ,1707322889
567,fort saskatchewan,53.7168,-113.2187,268.73,98,100,2.57,CA,1707322892
568,ust'-kulom,61.6864,53.6902,264.91,95,100,2.62,RU,1707323146
569,san andres,12.5847,-81.7006,301.16,65,40,7.2,CO,1707323146
570,mili,6.0815,171.735,300.63,75,90,10.66,MH,1707323147
571,nyala,12.05,24.8833,299.35,15,68,3.67,SD,1707323147
572,kolonia,50.9333,6.95,279.18,87,40,1.54,DE,1707322900
